FileName,Size,Checksum
Albert_Einstein.gif,134577,8de82329e39a8df634ca32aa76238ab6
arctic_AMSR2.gif,158718,56cc8215b6b8a7687297f9b066d6ee18
arcticmap4-new.gif,139975,6a62fcac05d97d5d3026c1cb93589de4
basketball.png,135518,959189906843894dce0b63d912e47d29
blue_grass.bmp,628278,a7f97d316b18cd410489b0863b7109f4
car_lic.bmp,628278,75107e1871235bd20180a676432b3f44
curie.gif,103495,cc19ad7408d140a335f62c6edc3d4478
football.png,691583,e34b76f90f629108ad90f9d99e671b82
Map_IST_SM_EN_20140520.png,317048,dfbc789793c8f5734b1672817b3702a8
n_extn.png,221343,ab657114393390ab50b8962d8ff441b4
Nelson-Mandela.gif,111968,c4dde679e7f03a477eab195fb4f57509
parking.bmp,628278,f729a0af0ee2f14c614f2623a51099c6
tennis.png,574896,370dab93f238fca889e1418031d574fc
test1.bmp,628278,f35b1d6f337e10df6c3d8b1e10e84e16
two_Cars.bmp,628278,89105746d7390a033aae0ae6c204a636
