fileName,size,checksum
Albert_Einstein.gif,134577,8de82329e39a8df634ca32aa76238ab6
arctic_AMSR2.gif,158718,56cc8215b6b8a7687297f9b066d6ee18
arcticmap4-new.gif,139975,6a62fcac05d97d5d3026c1cb93589de4
basketball.png,135518,959189906843894dce0b63d912e47d29
curie.gif,103495,cc19ad7408d140a335f62c6edc3d4478
football.png,691583,e34b76f90f629108ad90f9d99e671b82
Map_IST_SM_EN_20140520.png,317048,dfbc789793c8f5734b1672817b3702a8
n_extn.png,221343,ab657114393390ab50b8962d8ff441b4
Nelson-Mandela.gif,111968,c4dde679e7f03a477eab195fb4f57509
tennis.png,574896,370dab93f238fca889e1418031d574fc
